"topic","factor","CreationDate","mean","low","high"
"system_tool_data","exec_mana","10/26/2004",0.028404,0.025002,0.031829
"system_tool_data","exec_mana","10/27/2004",0.031474,0.02863,0.034146
"system_tool_data","exec_mana","10/28/2004",0.030431,0.027685,0.033445
"system_tool_data","exec_mana","7/29/2003",0.01004,0.008166,0.012157
"system_tool_data","exec_mana","7/30/2003",0.009411,0.00796,0.011214
"system_tool_data","exec_mana","7/31/2003",0.010227,0.008535,0.01221
"system_tool_data","exec_mana","8/1/2003",0.008702,0.006775,0.01127
"system_tool_data","other","10/26/2004",0.037837,0.034439,0.041017
"system_tool_data","other","10/27/2004",0.03468,0.032829,0.036612
"system_tool_data","other","10/28/2004",0.033329,0.031317,0.035383
"system_tool_data","other","7/29/2003",0.00997,0.008879,0.011193
"system_tool_data","other","7/30/2003",0.01047,0.009562,0.011589
"system_tool_data","other","7/31/2003",0.010848,0.009566,0.012501
"system_tool_data","other","8/1/2003",0.011171,0.009674,0.012861
"ibm_country_global","exec_mana","10/26/2004",0.016817,0.014761,0.018805
"ibm_country_global","exec_mana","10/27/2004",0.022911,0.021104,0.024642
"ibm_country_global","exec_mana","10/28/2004",0.021973,0.020074,0.024012
"ibm_country_global","exec_mana","7/29/2003",0.031996,0.025078,0.039811
"ibm_country_global","exec_mana","7/30/2003",0.042847,0.035931,0.049905
"ibm_country_global","exec_mana","7/31/2003",0.046563,0.038752,0.054597
"ibm_country_global","exec_mana","8/1/2003",0.053583,0.04112,0.066352
"ibm_country_global","other","10/26/2004",0.019973,0.018102,0.022011
"ibm_country_global","other","10/27/2004",0.026319,0.024921,0.027839
"ibm_country_global","other","10/28/2004",0.026615,0.024912,0.028217
"ibm_country_global","other","7/29/2003",0.033038,0.028795,0.037321
"ibm_country_global","other","7/30/2003",0.036042,0.032491,0.039829
"ibm_country_global","other","7/31/2003",0.047445,0.042197,0.052658
"ibm_country_global","other","8/1/2003",0.053479,0.046511,0.060749
"manager_employee_management","exec_mana","10/26/2004",0.044978,0.039997,0.050097
"manager_employee_management","exec_mana","10/27/2004",0.06062,0.056638,0.064719
"manager_employee_management","exec_mana","10/28/2004",0.063442,0.059052,0.068208
"manager_employee_management","exec_mana","7/29/2003",0.015061,0.011566,0.01942
"manager_employee_management","exec_mana","7/30/2003",0.015358,0.012335,0.018777
"manager_employee_management","exec_mana","7/31/2003",0.020847,0.016619,0.025535
"manager_employee_management","exec_mana","8/1/2003",0.021238,0.014689,0.029117
"manager_employee_management","other","10/26/2004",0.035408,0.032151,0.03873
"manager_employee_management","other","10/27/2004",0.043046,0.040654,0.045467
"manager_employee_management","other","10/28/2004",0.043514,0.041045,0.046249
"manager_employee_management","other","7/29/2003",0.019314,0.016618,0.022094
"manager_employee_management","other","7/30/2003",0.016838,0.014824,0.018882
"manager_employee_management","other","7/31/2003",0.018285,0.015641,0.021082
"manager_employee_management","other","8/1/2003",0.019009,0.016052,0.022348
"solution_client_ibm","exec_mana","10/26/2004",0.061101,0.055252,0.066674
"solution_client_ibm","exec_mana","10/27/2004",0.053594,0.049658,0.057216
"solution_client_ibm","exec_mana","10/28/2004",0.052984,0.048607,0.05715
"solution_client_ibm","exec_mana","7/29/2003",0.018073,0.013425,0.023579
"solution_client_ibm","exec_mana","7/30/2003",0.025124,0.020587,0.030006
"solution_client_ibm","exec_mana","7/31/2003",0.022435,0.018195,0.027297
"solution_client_ibm","exec_mana","8/1/2003",0.025163,0.018089,0.03321
"solution_client_ibm","other","10/26/2004",0.045983,0.042215,0.049751
"solution_client_ibm","other","10/27/2004",0.045741,0.04339,0.048214
"solution_client_ibm","other","10/28/2004",0.048882,0.046115,0.05177
"solution_client_ibm","other","7/29/2003",0.020346,0.01753,0.023154
"solution_client_ibm","other","7/30/2003",0.023977,0.021115,0.026696
"solution_client_ibm","other","7/31/2003",0.020243,0.017126,0.023384
"solution_client_ibm","other","8/1/2003",0.019152,0.01568,0.022979
"information_find_tool","exec_mana","10/26/2004",0.026012,0.022565,0.029366
"information_find_tool","exec_mana","10/27/2004",0.022455,0.020559,0.024565
"information_find_tool","exec_mana","10/28/2004",0.021357,0.019242,0.023633
"information_find_tool","exec_mana","7/29/2003",0.009942,0.008259,0.012143
"information_find_tool","exec_mana","7/30/2003",0.01078,0.00887,0.01307
"information_find_tool","exec_mana","7/31/2003",0.010225,0.00821,0.012544
"information_find_tool","exec_mana","8/1/2003",0.011815,0.008447,0.016663
"information_find_tool","other","10/26/2004",0.041111,0.037439,0.044947
"information_find_tool","other","10/27/2004",0.033757,0.031746,0.035693
"information_find_tool","other","10/28/2004",0.032804,0.030637,0.035038
"information_find_tool","other","7/29/2003",0.009613,0.008556,0.010762
"information_find_tool","other","7/30/2003",0.011518,0.010234,0.013108
"information_find_tool","other","7/31/2003",0.014335,0.0123,0.016615
"information_find_tool","other","8/1/2003",0.010967,0.009542,0.012481
"customer_ibm_business","exec_mana","10/26/2004",0.045765,0.041541,0.050386
"customer_ibm_business","exec_mana","10/27/2004",0.042784,0.04,0.045659
"customer_ibm_business","exec_mana","10/28/2004",0.045631,0.042351,0.04884
"customer_ibm_business","exec_mana","7/29/2003",0.062824,0.051896,0.074104
"customer_ibm_business","exec_mana","7/30/2003",0.059511,0.051668,0.06736
"customer_ibm_business","exec_mana","7/31/2003",0.052285,0.043334,0.061427
"customer_ibm_business","exec_mana","8/1/2003",0.057105,0.045785,0.068844
"customer_ibm_business","other","10/26/2004",0.046945,0.043256,0.050728
"customer_ibm_business","other","10/27/2004",0.043334,0.041409,0.045377
"customer_ibm_business","other","10/28/2004",0.052217,0.049839,0.054634
"customer_ibm_business","other","7/29/2003",0.055653,0.050277,0.061174
"customer_ibm_business","other","7/30/2003",0.052941,0.048696,0.057417
"customer_ibm_business","other","7/31/2003",0.047019,0.042074,0.052445
"customer_ibm_business","other","8/1/2003",0.047374,0.041601,0.053456
"manager_decision_level","exec_mana","10/26/2004",0.036345,0.03228,0.040874
"manager_decision_level","exec_mana","10/27/2004",0.037476,0.034702,0.040351
"manager_decision_level","exec_mana","10/28/2004",0.035098,0.032064,0.038218
"manager_decision_level","exec_mana","7/29/2003",0.015637,0.01177,0.020419
"manager_decision_level","exec_mana","7/30/2003",0.014742,0.01174,0.017861
"manager_decision_level","exec_mana","7/31/2003",0.017113,0.013218,0.021728
"manager_decision_level","exec_mana","8/1/2003",0.015093,0.011049,0.019549
"manager_decision_level","other","10/26/2004",0.021456,0.019295,0.023764
"manager_decision_level","other","10/27/2004",0.021509,0.020181,0.022763
"manager_decision_level","other","10/28/2004",0.020756,0.019292,0.02218
"manager_decision_level","other","7/29/2003",0.01578,0.013444,0.018006
"manager_decision_level","other","7/30/2003",0.014108,0.012454,0.01587
"manager_decision_level","other","7/31/2003",0.017098,0.01456,0.019787
"manager_decision_level","other","8/1/2003",0.016348,0.01346,0.019391
"work_ibm_employee","exec_mana","10/26/2004",0.01813,0.015477,0.02098
"work_ibm_employee","exec_mana","10/27/2004",0.017829,0.01598,0.019834
"work_ibm_employee","exec_mana","10/28/2004",0.015012,0.013396,0.016766
"work_ibm_employee","exec_mana","7/29/2003",0.023829,0.017622,0.030854
"work_ibm_employee","exec_mana","7/30/2003",0.025863,0.020166,0.031689
"work_ibm_employee","exec_mana","7/31/2003",0.027511,0.021458,0.033684
"work_ibm_employee","exec_mana","8/1/2003",0.038345,0.02767,0.049614
"work_ibm_employee","other","10/26/2004",0.021185,0.019072,0.023451
"work_ibm_employee","other","10/27/2004",0.025268,0.023469,0.027035
"work_ibm_employee","other","10/28/2004",0.0263,0.024224,0.028338
"work_ibm_employee","other","7/29/2003",0.02226,0.018814,0.026292
"work_ibm_employee","other","7/30/2003",0.032597,0.028441,0.036758
"work_ibm_employee","other","7/31/2003",0.029609,0.025526,0.034296
"work_ibm_employee","other","8/1/2003",0.025551,0.020912,0.030021
"ibm_price_system","exec_mana","10/26/2004",0.01633,0.014131,0.018995
"ibm_price_system","exec_mana","10/27/2004",0.013852,0.012456,0.015304
"ibm_price_system","exec_mana","10/28/2004",0.013958,0.012376,0.015824
"ibm_price_system","exec_mana","7/29/2003",0.009014,0.007405,0.010966
"ibm_price_system","exec_mana","7/30/2003",0.01281,0.010183,0.015823
"ibm_price_system","exec_mana","7/31/2003",0.012939,0.009963,0.016506
"ibm_price_system","exec_mana","8/1/2003",0.008553,0.006673,0.01112
"ibm_price_system","other","10/26/2004",0.026264,0.023639,0.029086
"ibm_price_system","other","10/27/2004",0.022582,0.021082,0.024042
"ibm_price_system","other","10/28/2004",0.020091,0.01854,0.02168
"ibm_price_system","other","7/29/2003",0.012858,0.01111,0.014771
"ibm_price_system","other","7/30/2003",0.013302,0.011772,0.015017
"ibm_price_system","other","7/31/2003",0.014466,0.012164,0.017047
"ibm_price_system","other","8/1/2003",0.012113,0.010293,0.014292
"linux_server_ibm","exec_mana","10/26/2004",0.013964,0.012053,0.015833
"linux_server_ibm","exec_mana","10/27/2004",0.013034,0.011601,0.014585
"linux_server_ibm","exec_mana","10/28/2004",0.012253,0.010824,0.013796
"linux_server_ibm","exec_mana","7/29/2003",0.009309,0.007631,0.011399
"linux_server_ibm","exec_mana","7/30/2003",0.010517,0.008708,0.012547
"linux_server_ibm","exec_mana","7/31/2003",0.008394,0.007275,0.009748
"linux_server_ibm","exec_mana","8/1/2003",0.00792,0.006329,0.009778
"linux_server_ibm","other","10/26/2004",0.024596,0.022053,0.027148
"linux_server_ibm","other","10/27/2004",0.021772,0.020245,0.023244
"linux_server_ibm","other","10/28/2004",0.018831,0.017157,0.020405
"linux_server_ibm","other","7/29/2003",0.011421,0.009738,0.01338
"linux_server_ibm","other","7/30/2003",0.011424,0.009858,0.013156
"linux_server_ibm","other","7/31/2003",0.01139,0.009581,0.01346
"linux_server_ibm","other","8/1/2003",0.010091,0.008526,0.012032
"control_process_risk","exec_mana","10/26/2004",0.016093,0.014086,0.018381
"control_process_risk","exec_mana","10/27/2004",0.01541,0.014057,0.016941
"control_process_risk","exec_mana","10/28/2004",0.016594,0.014851,0.018461
"control_process_risk","exec_mana","7/29/2003",0.011885,0.009114,0.015437
"control_process_risk","exec_mana","7/30/2003",0.014535,0.011635,0.017827
"control_process_risk","exec_mana","7/31/2003",0.017687,0.013711,0.022127
"control_process_risk","exec_mana","8/1/2003",0.01509,0.010271,0.020672
"control_process_risk","other","10/26/2004",0.015606,0.013836,0.017317
"control_process_risk","other","10/27/2004",0.015754,0.014784,0.016741
"control_process_risk","other","10/28/2004",0.018262,0.017003,0.019618
"control_process_risk","other","7/29/2003",0.013855,0.011971,0.015798
"control_process_risk","other","7/30/2003",0.014068,0.012482,0.015807
"control_process_risk","other","7/31/2003",0.013926,0.011909,0.016041
"control_process_risk","other","8/1/2003",0.017739,0.014705,0.020969
"ibm_employee_company","exec_mana","10/26/2004",0.019927,0.017742,0.022293
"ibm_employee_company","exec_mana","10/27/2004",0.017275,0.015786,0.018721
"ibm_employee_company","exec_mana","10/28/2004",0.017776,0.015923,0.019548
"ibm_employee_company","exec_mana","7/29/2003",0.088804,0.074611,0.102705
"ibm_employee_company","exec_mana","7/30/2003",0.071957,0.062172,0.081864
"ibm_employee_company","exec_mana","7/31/2003",0.054757,0.045589,0.0647
"ibm_employee_company","exec_mana","8/1/2003",0.064862,0.050864,0.08119
"ibm_employee_company","other","10/26/2004",0.026227,0.023937,0.028686
"ibm_employee_company","other","10/27/2004",0.025716,0.024192,0.027181
"ibm_employee_company","other","10/28/2004",0.025114,0.023396,0.026792
"ibm_employee_company","other","7/29/2003",0.120792,0.111379,0.13026
"ibm_employee_company","other","7/30/2003",0.092852,0.085792,0.09917
"ibm_employee_company","other","7/31/2003",0.095223,0.086664,0.104275
"ibm_employee_company","other","8/1/2003",0.097514,0.086602,0.108623
"ibm_program_training","exec_mana","10/26/2004",0.024179,0.021393,0.027294
"ibm_program_training","exec_mana","10/27/2004",0.02219,0.020309,0.024048
"ibm_program_training","exec_mana","10/28/2004",0.026047,0.023575,0.028608
"ibm_program_training","exec_mana","7/29/2003",0.017283,0.013421,0.021783
"ibm_program_training","exec_mana","7/30/2003",0.014365,0.011702,0.017033
"ibm_program_training","exec_mana","7/31/2003",0.017365,0.01261,0.022726
"ibm_program_training","exec_mana","8/1/2003",0.025191,0.017157,0.035339
"ibm_program_training","other","10/26/2004",0.027612,0.025172,0.030285
"ibm_program_training","other","10/27/2004",0.027177,0.025676,0.028869
"ibm_program_training","other","10/28/2004",0.031046,0.029078,0.033062
"ibm_program_training","other","7/29/2003",0.015677,0.013581,0.018118
"ibm_program_training","other","7/30/2003",0.014484,0.012872,0.016275
"ibm_program_training","other","7/31/2003",0.016177,0.013923,0.018852
"ibm_program_training","other","8/1/2003",0.024012,0.019819,0.028853
"problem_customer_issue","exec_mana","10/26/2004",0.022455,0.019822,0.025183
"problem_customer_issue","exec_mana","10/27/2004",0.022149,0.02052,0.02378
"problem_customer_issue","exec_mana","10/28/2004",0.022854,0.020823,0.024875
"problem_customer_issue","exec_mana","7/29/2003",0.019441,0.015464,0.023955
"problem_customer_issue","exec_mana","7/30/2003",0.020036,0.016674,0.024319
"problem_customer_issue","exec_mana","7/31/2003",0.01704,0.013728,0.020901
"problem_customer_issue","exec_mana","8/1/2003",0.016744,0.012605,0.021396
"problem_customer_issue","other","10/26/2004",0.02751,0.025232,0.029958
"problem_customer_issue","other","10/27/2004",0.026281,0.024802,0.027786
"problem_customer_issue","other","10/28/2004",0.026217,0.024557,0.027829
"problem_customer_issue","other","7/29/2003",0.021482,0.018762,0.024393
"problem_customer_issue","other","7/30/2003",0.018626,0.016604,0.020689
"problem_customer_issue","other","7/31/2003",0.020826,0.018305,0.023655
"problem_customer_issue","other","8/1/2003",0.022254,0.018749,0.025691
"innovation_idea_ibm","exec_mana","10/26/2004",0.035804,0.032041,0.039901
"innovation_idea_ibm","exec_mana","10/27/2004",0.031471,0.029141,0.034171
"innovation_idea_ibm","exec_mana","10/28/2004",0.032482,0.029555,0.035617
"innovation_idea_ibm","exec_mana","7/29/2003",0.017451,0.012965,0.0226
"innovation_idea_ibm","exec_mana","7/30/2003",0.013115,0.010802,0.015925
"innovation_idea_ibm","exec_mana","7/31/2003",0.011402,0.009145,0.013988
"innovation_idea_ibm","exec_mana","8/1/2003",0.012964,0.00928,0.017673
"innovation_idea_ibm","other","10/26/2004",0.035368,0.032249,0.038644
"innovation_idea_ibm","other","10/27/2004",0.031992,0.030229,0.033927
"innovation_idea_ibm","other","10/28/2004",0.029169,0.027289,0.031179
"innovation_idea_ibm","other","7/29/2003",0.016127,0.01413,0.018405
"innovation_idea_ibm","other","7/30/2003",0.014637,0.013062,0.016391
"innovation_idea_ibm","other","7/31/2003",0.015805,0.013403,0.018313
"innovation_idea_ibm","other","8/1/2003",0.013807,0.011672,0.01624
"values_company_ibm","exec_mana","10/26/2004",0.017724,0.015497,0.020476
"values_company_ibm","exec_mana","10/27/2004",0.0155,0.014207,0.016798
"values_company_ibm","exec_mana","10/28/2004",0.014907,0.013431,0.016489
"values_company_ibm","exec_mana","7/29/2003",0.205395,0.186237,0.226668
"values_company_ibm","exec_mana","7/30/2003",0.168389,0.153159,0.183594
"values_company_ibm","exec_mana","7/31/2003",0.154078,0.137099,0.170933
"values_company_ibm","exec_mana","8/1/2003",0.142174,0.12138,0.165266
"values_company_ibm","other","10/26/2004",0.015369,0.013902,0.016833
"values_company_ibm","other","10/27/2004",0.01563,0.014582,0.016616
"values_company_ibm","other","10/28/2004",0.016505,0.015317,0.017848
"values_company_ibm","other","7/29/2003",0.154098,0.143788,0.164945
"values_company_ibm","other","7/30/2003",0.140475,0.132141,0.149607
"values_company_ibm","other","7/31/2003",0.122427,0.113212,0.131952
"values_company_ibm","other","8/1/2003",0.121132,0.110769,0.131909
"ibm_customer_solution","exec_mana","10/26/2004",0.034813,0.030647,0.038958
"ibm_customer_solution","exec_mana","10/27/2004",0.0352,0.032395,0.038138
"ibm_customer_solution","exec_mana","10/28/2004",0.038882,0.035309,0.042503
"ibm_customer_solution","exec_mana","7/29/2003",0.015529,0.011239,0.020431
"ibm_customer_solution","exec_mana","7/30/2003",0.01081,0.008865,0.013106
"ibm_customer_solution","exec_mana","7/31/2003",0.012518,0.009855,0.015896
"ibm_customer_solution","exec_mana","8/1/2003",0.014482,0.009515,0.020328
"ibm_customer_solution","other","10/26/2004",0.031332,0.028493,0.034382
"ibm_customer_solution","other","10/27/2004",0.030859,0.028969,0.032629
"ibm_customer_solution","other","10/28/2004",0.028746,0.026768,0.030817
"ibm_customer_solution","other","7/29/2003",0.012713,0.010832,0.014558
"ibm_customer_solution","other","7/30/2003",0.01271,0.011341,0.014209
"ibm_customer_solution","other","7/31/2003",0.012065,0.010241,0.013964
"ibm_customer_solution","other","8/1/2003",0.014716,0.011745,0.017686
"sale_brand_team","exec_mana","10/26/2004",0.057608,0.0519,0.063414
"sale_brand_team","exec_mana","10/27/2004",0.064545,0.060501,0.068937
"sale_brand_team","exec_mana","10/28/2004",0.0712,0.066384,0.076174
"sale_brand_team","exec_mana","7/29/2003",0.017244,0.012689,0.022016
"sale_brand_team","exec_mana","7/30/2003",0.021214,0.016901,0.025694
"sale_brand_team","exec_mana","7/31/2003",0.014793,0.011738,0.018444
"sale_brand_team","exec_mana","8/1/2003",0.019219,0.01334,0.026061
"sale_brand_team","other","10/26/2004",0.032509,0.029562,0.035522
"sale_brand_team","other","10/27/2004",0.036521,0.034611,0.038755
"sale_brand_team","other","10/28/2004",0.037556,0.035154,0.039891
"sale_brand_team","other","7/29/2003",0.01291,0.011042,0.014913
"sale_brand_team","other","7/30/2003",0.015395,0.013509,0.017268
"sale_brand_team","other","7/31/2003",0.015049,0.012848,0.01735
"sale_brand_team","other","8/1/2003",0.014972,0.012348,0.017862
"project_delivery_client","exec_mana","10/26/2004",0.033057,0.028863,0.037265
"project_delivery_client","exec_mana","10/27/2004",0.036792,0.033768,0.039756
"project_delivery_client","exec_mana","10/28/2004",0.034529,0.031386,0.037739
"project_delivery_client","exec_mana","7/29/2003",0.009949,0.008015,0.012019
"project_delivery_client","exec_mana","7/30/2003",0.009869,0.008241,0.011923
"project_delivery_client","exec_mana","7/31/2003",0.011345,0.009278,0.013722
"project_delivery_client","exec_mana","8/1/2003",0.00743,0.006516,0.008551
"project_delivery_client","other","10/26/2004",0.036236,0.033016,0.039369
"project_delivery_client","other","10/27/2004",0.039408,0.037397,0.041508
"project_delivery_client","other","10/28/2004",0.040483,0.038112,0.043088
"project_delivery_client","other","7/29/2003",0.010656,0.009261,0.012349
"project_delivery_client","other","7/30/2003",0.011043,0.010054,0.012109
"project_delivery_client","other","7/31/2003",0.012124,0.010533,0.013928
"project_delivery_client","other","8/1/2003",0.011358,0.009924,0.012989
"employee_award_reward","exec_mana","10/26/2004",0.023178,0.02009,0.026248
"employee_award_reward","exec_mana","10/27/2004",0.023535,0.021579,0.025704
"employee_award_reward","exec_mana","10/28/2004",0.019868,0.017978,0.022066
"employee_award_reward","exec_mana","7/29/2003",0.019618,0.014512,0.025171
"employee_award_reward","exec_mana","7/30/2003",0.015601,0.012405,0.019212
"employee_award_reward","exec_mana","7/31/2003",0.027965,0.021163,0.035937
"employee_award_reward","exec_mana","8/1/2003",0.021687,0.015514,0.029725
"employee_award_reward","other","10/26/2004",0.023569,0.021119,0.02604
"employee_award_reward","other","10/27/2004",0.025244,0.023657,0.026864
"employee_award_reward","other","10/28/2004",0.021007,0.019426,0.022685
"employee_award_reward","other","7/29/2003",0.020953,0.017963,0.024444
"employee_award_reward","other","7/30/2003",0.019576,0.016931,0.02221
"employee_award_reward","other","7/31/2003",0.026433,0.022469,0.030341
"employee_award_reward","other","8/1/2003",0.020819,0.01741,0.024372
"team_meeting_work","exec_mana","10/26/2004",0.031963,0.028183,0.035867
"team_meeting_work","exec_mana","10/27/2004",0.029793,0.027358,0.032471
"team_meeting_work","exec_mana","10/28/2004",0.031339,0.028388,0.034362
"team_meeting_work","exec_mana","7/29/2003",0.016061,0.011766,0.021216
"team_meeting_work","exec_mana","7/30/2003",0.017991,0.014041,0.022196
"team_meeting_work","exec_mana","7/31/2003",0.018834,0.014513,0.023943
"team_meeting_work","exec_mana","8/1/2003",0.015121,0.011191,0.019546
"team_meeting_work","other","10/26/2004",0.028646,0.025977,0.03138
"team_meeting_work","other","10/27/2004",0.029172,0.027558,0.031043
"team_meeting_work","other","10/28/2004",0.02929,0.027185,0.031384
"team_meeting_work","other","7/29/2003",0.015944,0.013429,0.01873
"team_meeting_work","other","7/30/2003",0.017257,0.015158,0.01947
"team_meeting_work","other","7/31/2003",0.016268,0.013615,0.019079
"team_meeting_work","other","8/1/2003",0.019098,0.015731,0.022225
"process_time_tool","exec_mana","10/26/2004",0.033361,0.029906,0.036699
"process_time_tool","exec_mana","10/27/2004",0.039389,0.036705,0.042115
"process_time_tool","exec_mana","10/28/2004",0.038852,0.035946,0.04193
"process_time_tool","exec_mana","7/29/2003",0.017716,0.013623,0.02184
"process_time_tool","exec_mana","7/30/2003",0.014094,0.011453,0.016913
"process_time_tool","exec_mana","7/31/2003",0.02037,0.016473,0.024858
"process_time_tool","exec_mana","8/1/2003",0.019301,0.014907,0.024603
"process_time_tool","other","10/26/2004",0.032235,0.02967,0.034732
"process_time_tool","other","10/27/2004",0.038047,0.036258,0.039826
"process_time_tool","other","10/28/2004",0.040217,0.038196,0.042532
"process_time_tool","other","7/29/2003",0.01911,0.016564,0.02196
"process_time_tool","other","7/30/2003",0.021625,0.019162,0.024114
"process_time_tool","other","7/31/2003",0.020873,0.018131,0.02388
"process_time_tool","other","8/1/2003",0.017913,0.015015,0.021093
"contract_deal_customer","exec_mana","10/26/2004",0.022108,0.019298,0.025056
"contract_deal_customer","exec_mana","10/27/2004",0.021573,0.019894,0.023583
"contract_deal_customer","exec_mana","10/28/2004",0.019232,0.017306,0.021224
"contract_deal_customer","exec_mana","7/29/2003",0.010347,0.007723,0.014035
"contract_deal_customer","exec_mana","7/30/2003",0.01009,0.007882,0.012805
"contract_deal_customer","exec_mana","7/31/2003",0.009405,0.007606,0.011951
"contract_deal_customer","exec_mana","8/1/2003",0.008743,0.00693,0.010916
"contract_deal_customer","other","10/26/2004",0.020262,0.017997,0.022391
"contract_deal_customer","other","10/27/2004",0.018704,0.017425,0.019949
"contract_deal_customer","other","10/28/2004",0.019983,0.018548,0.021569
"contract_deal_customer","other","7/29/2003",0.011325,0.009731,0.013027
"contract_deal_customer","other","7/30/2003",0.013263,0.011323,0.015459
"contract_deal_customer","other","7/31/2003",0.010618,0.009262,0.012289
"contract_deal_customer","other","8/1/2003",0.01152,0.009724,0.013558
"skill_people_job","exec_mana","10/26/2004",0.037827,0.033362,0.042155
"skill_people_job","exec_mana","10/27/2004",0.0321,0.029759,0.034626
"skill_people_job","exec_mana","10/28/2004",0.038141,0.035155,0.041238
"skill_people_job","exec_mana","7/29/2003",0.018913,0.015003,0.022952
"skill_people_job","exec_mana","7/30/2003",0.018213,0.015246,0.021637
"skill_people_job","exec_mana","7/31/2003",0.020753,0.016276,0.025742
"skill_people_job","exec_mana","8/1/2003",0.023199,0.017749,0.029316
"skill_people_job","other","10/26/2004",0.034161,0.031341,0.037005
"skill_people_job","other","10/27/2004",0.040863,0.038853,0.042935
"skill_people_job","other","10/28/2004",0.040475,0.038274,0.042909
"skill_people_job","other","7/29/2003",0.021115,0.018389,0.024073
"skill_people_job","other","7/30/2003",0.020714,0.018519,0.022815
"skill_people_job","other","7/31/2003",0.026192,0.022795,0.029768
"skill_people_job","other","8/1/2003",0.02302,0.019646,0.026604
"idea_comment_jam","exec_mana","10/26/2004",0.049746,0.045254,0.054293
"idea_comment_jam","exec_mana","10/27/2004",0.046921,0.044131,0.049857
"idea_comment_jam","exec_mana","10/28/2004",0.039118,0.03607,0.042202
"idea_comment_jam","exec_mana","7/29/2003",0.027648,0.022357,0.033717
"idea_comment_jam","exec_mana","7/30/2003",0.039437,0.033807,0.045596
"idea_comment_jam","exec_mana","7/31/2003",0.04685,0.039468,0.054598
"idea_comment_jam","exec_mana","8/1/2003",0.040961,0.03172,0.051128
"idea_comment_jam","other","10/26/2004",0.044299,0.041099,0.047623
"idea_comment_jam","other","10/27/2004",0.039865,0.037897,0.041842
"idea_comment_jam","other","10/28/2004",0.034346,0.032328,0.036199
"idea_comment_jam","other","7/29/2003",0.030717,0.027024,0.034568
"idea_comment_jam","other","7/30/2003",0.038897,0.035349,0.042794
"idea_comment_jam","other","7/31/2003",0.042188,0.037638,0.047138
"idea_comment_jam","other","8/1/2003",0.037567,0.032768,0.042844
"ibm_business_market","exec_mana","10/26/2004",0.03742,0.033246,0.04176
"ibm_business_market","exec_mana","10/27/2004",0.032697,0.030338,0.035395
"ibm_business_market","exec_mana","10/28/2004",0.036973,0.034084,0.040186
"ibm_business_market","exec_mana","7/29/2003",0.059092,0.049391,0.07022
"ibm_business_market","exec_mana","7/30/2003",0.069889,0.059409,0.080661
"ibm_business_market","exec_mana","7/31/2003",0.046104,0.038321,0.054641
"ibm_business_market","exec_mana","8/1/2003",0.046901,0.035536,0.058363
"ibm_business_market","other","10/26/2004",0.034173,0.031553,0.037028
"ibm_business_market","other","10/27/2004",0.031837,0.030165,0.03366
"ibm_business_market","other","10/28/2004",0.031549,0.029626,0.033483
"ibm_business_market","other","7/29/2003",0.048303,0.042969,0.05387
"ibm_business_market","other","7/30/2003",0.045073,0.040842,0.049668
"ibm_business_market","other","7/31/2003",0.044467,0.038853,0.050102
"ibm_business_market","other","8/1/2003",0.051569,0.044598,0.059063
"time_cost_year","exec_mana","10/26/2004",0.03644,0.032639,0.040158
"time_cost_year","exec_mana","10/27/2004",0.039493,0.037049,0.041995
"time_cost_year","exec_mana","10/28/2004",0.035687,0.033213,0.038307
"time_cost_year","exec_mana","7/29/2003",0.022565,0.018086,0.02746
"time_cost_year","exec_mana","7/30/2003",0.023053,0.018374,0.028054
"time_cost_year","exec_mana","7/31/2003",0.024272,0.019953,0.029117
"time_cost_year","exec_mana","8/1/2003",0.020349,0.015293,0.026339
"time_cost_year","other","10/26/2004",0.04248,0.039482,0.045401
"time_cost_year","other","10/27/2004",0.041381,0.03967,0.043368
"time_cost_year","other","10/28/2004",0.039726,0.037708,0.04187
"time_cost_year","other","7/29/2003",0.030977,0.027588,0.034609
"time_cost_year","other","7/30/2003",0.029213,0.026364,0.032215
"time_cost_year","other","7/31/2003",0.030791,0.027462,0.034528
"time_cost_year","other","8/1/2003",0.026332,0.022989,0.029866
"team_people_ibm","exec_mana","10/26/2004",0.060935,0.055543,0.066571
"team_people_ibm","exec_mana","10/27/2004",0.064245,0.060523,0.067876
"team_people_ibm","exec_mana","10/28/2004",0.064976,0.060586,0.069056
"team_people_ibm","exec_mana","7/29/2003",0.082635,0.069645,0.096871
"team_people_ibm","exec_mana","7/30/2003",0.091045,0.079983,0.101895
"team_people_ibm","exec_mana","7/31/2003",0.106058,0.092266,0.118417
"team_people_ibm","exec_mana","8/1/2003",0.110488,0.090455,0.12922
"team_people_ibm","other","10/26/2004",0.053589,0.049474,0.057379
"team_people_ibm","other","10/27/2004",0.054797,0.052524,0.057295
"team_people_ibm","other","10/28/2004",0.058882,0.055882,0.061618
"team_people_ibm","other","7/29/2003",0.072688,0.065465,0.080043
"team_people_ibm","other","7/30/2003",0.084865,0.078967,0.091011
"team_people_ibm","other","7/31/2003",0.078528,0.071544,0.085818
"team_people_ibm","other","8/1/2003",0.073847,0.065931,0.081479
"people_work_make","exec_mana","10/26/2004",0.076586,0.071963,0.08125
"people_work_make","exec_mana","10/27/2004",0.076332,0.07315,0.079539
"people_work_make","exec_mana","10/28/2004",0.071953,0.068679,0.075574
"people_work_make","exec_mana","7/29/2003",0.105095,0.093057,0.116921
"people_work_make","exec_mana","7/30/2003",0.119631,0.110147,0.129693
"people_work_make","exec_mana","7/31/2003",0.130692,0.11791,0.144126
"people_work_make","exec_mana","8/1/2003",0.117466,0.103256,0.132326
"people_work_make","other","10/26/2004",0.089002,0.085064,0.092609
"people_work_make","other","10/27/2004",0.085967,0.083498,0.088203
"people_work_make","other","10/28/2004",0.082977,0.080089,0.085648
"people_work_make","other","7/29/2003",0.12746,0.11959,0.135634
"people_work_make","other","7/30/2003",0.140065,0.133361,0.146397
"people_work_make","other","7/31/2003",0.137151,0.128941,0.145279
"people_work_make","other","8/1/2003",0.144707,0.135035,0.154348
"product_development_software","exec_mana","10/26/2004",0.020929,0.018441,0.023555
"product_development_software","exec_mana","10/27/2004",0.017361,0.01582,0.019105
"product_development_software","exec_mana","10/28/2004",0.016452,0.014767,0.018294
"product_development_software","exec_mana","7/29/2003",0.011605,0.008595,0.01553
"product_development_software","exec_mana","7/30/2003",0.009701,0.007843,0.011906
"product_development_software","exec_mana","7/31/2003",0.009171,0.007671,0.010886
"product_development_software","exec_mana","8/1/2003",0.010111,0.008013,0.012663
"product_development_software","other","10/26/2004",0.029055,0.026365,0.031724
"product_development_software","other","10/27/2004",0.026775,0.025216,0.028467
"product_development_software","other","10/28/2004",0.025111,0.023378,0.02689
"product_development_software","other","7/29/2003",0.012844,0.011106,0.014597
"product_development_software","other","7/30/2003",0.011947,0.010658,0.013344
"product_development_software","other","7/31/2003",0.012131,0.010683,0.013619
"product_development_software","other","8/1/2003",0.010848,0.009318,0.012569
